,Sachkonten - Buchungen,,,,,,,,,,,
,,,,,,,,,,,,
,Gesendet um: ,09.02.2026 11:08:36 CET,,,,,,,,,,
,Daten benutzerbasiert: ,Thomas Gottschalk,,,,,,,,,,
,Berechtigungskontext: ,* (Keine Einschränkungen),,,,,,,,,,
,,,,,,,,,,,,
,Selektion:,,,,,,,,,,,
,Unternehmen,2 (NetCo Professional Services GmbH),,,,,,,,,,
,Rechnungslegungswerk,4010 (HGB),,,,,,,,,,
,Buchungsperiode/-jahr,001.2024; 002.2024; 003.2024; 004.2024; 005.2024; 006.2024; 007.2024; 008.2024; 009.2024; 010.2024; 011.2024; 012.2024,,,,,,,,,,
,Sachkonto,460100 (Messekosten); 461000 (Werbekosten),,,,,,,,,,
,Anzeigewährung - Umrechnungsdatum,Heute - 09.02.2026,,,,,,,,,,
,,,,,,,,,,,,
,Sachkonto,,Buchungsdatum,Buchungsbeleg,Buchungsbelegposition,Positionstext,Kreditorgeschäftspartner,,Buchungsbelegart,Sollbetrag in Hauswährung,Habenbetrag in Hauswährung,
,460100,Messekosten,12.11.2024,200000004360,3,Ausstellergebühr BDWS- Techniktagung,1010123,Deutsche Sicherheits-Akademie GmbH,Lieferantenrechnung,750.00 EUR,,
,460100,Messekosten,12.09.2024,262,2,UB Messekosten kommunale Ordnung,#,Nicht zugeordnet,Manuelle Buchung für Erfassungsbelege,"3,700.00 EUR",,
,460100,Messekosten,24.07.2024,200000002735,3,"Erlebniskarten  ""Köln 1926""",10005033,Timeride GmbH,Lieferantenrechnung,148.60 EUR,,
,460100,Messekosten,06.06.2024,200000002589,3,Body-Cam Konferenz 05.06.2024,1010413,Dorint Hotel an der Messe Köln GmbH,Lieferantenrechnung,645.84 EUR,,
,460100,Messekosten,06.06.2024,200000002597,3,Body-Cam Konferenz 05.06.2024,1010413,Dorint Hotel an der Messe Köln GmbH,Storno Lieferantenrechnung,,645.84 EUR,
,460100,Messekosten,06.06.2024,200000002598,3,Body-Cam Konferenz 05.06.2024,1010413,Dorint Hotel an der Messe Köln GmbH,Lieferantenrechnung,"5,637.44 EUR",,
,460100,Messekosten,24.05.2024,200000001973,3,Ausstellergebühr BDWS-Jahresversammlung,1010123,Deutsche Sicherheits-Akademie GmbH,Lieferantenrechnung,650.00 EUR,,
,461000,Werbekosten,31.12.2024,317,9,Pressebox Webleads 7/24-6/25 BC,#,Nicht zugeordnet,Manuelle Buchung für Erfassungsbelege,134.50 EUR,,
,461000,Werbekosten,31.12.2024,317,17,"SE Ranking Content Mark 05.24-04,25 BK",#,Nicht zugeordnet,Manuelle Buchung für Erfassungsbelege,30.17 EUR,,
,461000,Werbekosten,31.12.2024,317,18,"SE Ranking Content Mark 05.24-04,25 BC",#,Nicht zugeordnet,Manuelle Buchung für Erfassungsbelege,30.17 EUR,,
,461000,Werbekosten,31.12.2024,317,19,Keywordpauschale 15.04.2024-14.04.2025,#,Nicht zugeordnet,Manuelle Buchung für Erfassungsbelege,59.90 EUR,,
,461000,Werbekosten,31.12.2024,317,22,LinkedIn Sales Navigator LH,#,Nicht zugeordnet,Manuelle Buchung für Erfassungsbelege,66.11 EUR,,
,461000,Werbekosten,31.12.2024,317,26,Pressebox Webleads 10/24- 10/25 BC,#,Nicht zugeordnet,Manuelle Buchung für Erfassungsbelege,88.13 EUR,,
,461000,Werbekosten,31.12.2024,317,27,Pressebox Webleads 10/24- 10/25 BSK,#,Nicht zugeordnet,Manuelle Buchung für Erfassungsbelege,88.13 EUR,,
,461000,Werbekosten,31.12.2024,317,28,Pressebox Webleads 10/24- 10/25,#,Nicht zugeordnet,Manuelle Buchung für Erfassungsbelege,74.92 EUR,,
,461000,Werbekosten,31.12.2024,351,3,Korr. Sachkonten IC2 12/2024,#,Nicht zugeordnet,Manuelle Buchung für Erfassungsbelege,33.26 EUR,,
,461000,Werbekosten,31.12.2024,356,5,Keywordpauschale 15.04.2024-14.04.2025,#,Nicht zugeordnet,Manuelle Buchung für Erfassungsbelege,,215.64 EUR,
,461000,Werbekosten,31.12.2024,356,14,Sales Navigator20.12.24-20.12.25 MW,#,Nicht zugeordnet,Manuelle Buchung für Erfassungsbelege,66.11 EUR,,
,461000,Werbekosten,31.12.2024,356,27,FC Starter S14  18.5.24- 18.5.25,#,Nicht zugeordnet,Manuelle Buchung für Erfassungsbelege,63.00 EUR,,
,461000,Werbekosten,31.12.2024,358,6,Anpass. Abgrenz. offen Belege Kreditoren,#,Nicht zugeordnet,Manuelle Buchung für Erfassungsbelege,512.00 EUR,,
,461000,Werbekosten,31.12.2024,200000004630,4,Google BSK 11/2024,1010217,Google Ireland Limited,Lieferantenrechnung,"11,244.58 EUR",,
,461000,Werbekosten,31.12.2024,200000004630,5,Google BC 12/2024,1010217,Google Ireland Limited,Lieferantenrechnung,"1,664.57 EUR",,
,461000,Werbekosten,31.12.2024,200000004630,7,Google Marketing 12/2024,1010217,Google Ireland Limited,Lieferantenrechnung,312.17 EUR,,
,461000,Werbekosten,31.12.2024,200000004630,8,Google allgemein 12/2024,1010217,Google Ireland Limited,Lieferantenrechnung,87.45 EUR,,
,461000,Werbekosten,31.12.2024,200000004650,4,Video Editing,10001068,Fiverr International Ltd.,Storno Lieferantenrechnung,,33.26 EUR,
,461000,Werbekosten,31.12.2024,200000004650,5,Service Fee,10001068,Fiverr International Ltd.,Storno Lieferantenrechnung,,4.21 EUR,
,461000,Werbekosten,31.12.2024,200000004660,4,Microsoft/Google BK,1010211,Microsoft Ireland Operations Ltd.,Lieferantenrechnung,325.00 EUR,,
,461000,Werbekosten,31.12.2024,200000004660,5,Microsoft/Google BC,1010211,Microsoft Ireland Operations Ltd.,Lieferantenrechnung,325.00 EUR,,
,461000,Werbekosten,31.12.2024,200000004685,3,Nachberechg. zweifarb. Personalisierung,1010093,WIRmachenDRUCK GmbH,Lieferantenrechnung,8.78 EUR,,
,461000,Werbekosten,31.12.2024,200000004694,4,Microsoft/Google BK,1010211,Microsoft Ireland Operations Ltd.,Lieferantenrechnung,500.00 EUR,,
,461000,Werbekosten,31.12.2024,200000004694,5,Microsoft/Google BC,1010211,Microsoft Ireland Operations Ltd.,Lieferantenrechnung,500.00 EUR,,
,461000,Werbekosten,31.12.2024,480000000043,5,MS/Google 12 2024,#,Nicht zugeordnet,Man. Buch. - ErfassBeleg mit Gegenbuch.,325.00 EUR,,
,461000,Werbekosten,31.12.2024,480000000043,6,MS Google 12 2024,#,Nicht zugeordnet,Man. Buch. - ErfassBeleg mit Gegenbuch.,325.00 EUR,,
,461000,Werbekosten,30.12.2024,200000004649,4,Animated Explainers,10001068,Fiverr International Ltd.,Lieferantenrechnung,53.34 EUR,,
,461000,Werbekosten,30.12.2024,200000004649,5,Service Fee,10001068,Fiverr International Ltd.,Lieferantenrechnung,5.85 EUR,,
,461000,Werbekosten,18.12.2024,200000004557,3,Plastikkarten,1010093,WIRmachenDRUCK GmbH,Lieferantenrechnung,73.27 EUR,,
,461000,Werbekosten,12.12.2024,200000004638,4,Video Editing,10001068,Fiverr International Ltd.,Lieferantenrechnung,209.76 EUR,,
,461000,Werbekosten,12.12.2024,200000004638,5,Service Fee,10001068,Fiverr International Ltd.,Lieferantenrechnung,11.54 EUR,,
,461000,Werbekosten,11.12.2024,200000004635,2,Dropbox Plus 1 Monat,10005809,Dropbox International Unlimited Company,Lieferantenrechnung,11.99 EUR,,
,461000,Werbekosten,11.12.2024,200000004639,3,Visitenkarten,1010093,WIRmachenDRUCK GmbH,Lieferantenrechnung,19.54 EUR,,
,461000,Werbekosten,07.12.2024,200000004580,2,"LinkedIn, Sponsored Webseite Besuche",10000892,Linkedin Ireland Unlimited,Lieferantenrechnung,42.95 EUR,,
,461000,Werbekosten,06.12.2024,200000004636,4,Translation,10001068,Fiverr International Ltd.,Lieferantenrechnung,129.03 EUR,,
,461000,Werbekosten,06.12.2024,200000004636,5,Service Fee,10001068,Fiverr International Ltd.,Lieferantenrechnung,7.10 EUR,,
,461000,Werbekosten,06.12.2024,200000004637,4,Website Content,10001068,Fiverr International Ltd.,Lieferantenrechnung,230.27 EUR,,
,461000,Werbekosten,06.12.2024,200000004637,5,Service Fee,10001068,Fiverr International Ltd.,Lieferantenrechnung,12.67 EUR,,
,461000,Werbekosten,05.12.2024,200000004370,3,"Essential Tarif ESS500 , 05.12.-04.01.25",10001454,CleverReach GmbH & Co. KG,Lieferantenrechnung,60.00 EUR,,
,461000,Werbekosten,03.12.2024,200000004373,3,Digitaldruck Folie Orafol m. Montage,1010075,ReklameWerkstatt,Lieferantenrechnung,562.41 EUR,,
,461000,Werbekosten,01.12.2024,200000004577,2,"LinkedIn, Sponsored Webseite Besuche",10000892,Linkedin Ireland Unlimited,Lieferantenrechnung,144.55 EUR,,
,461000,Werbekosten,01.12.2024,200000004578,2,"LinkedIn, Sponsored Webseite Besuche",10000892,Linkedin Ireland Unlimited,Lieferantenrechnung,119.04 EUR,,
,461000,Werbekosten,01.12.2024,200000004579,2,"LinkedIn, Sponsored Webseite Besuche",10000892,Linkedin Ireland Unlimited,Lieferantenrechnung,109.82 EUR,,
,461000,Werbekosten,30.11.2024,293,10,Pressebox Webleads 7/24-6/25 BC,#,Nicht zugeordnet,Manuelle Buchung für Erfassungsbelege,134.50 EUR,,
,461000,Werbekosten,30.11.2024,293,18,"SE Ranking Content Mark 05.24-04,25 BK",#,Nicht zugeordnet,Manuelle Buchung für Erfassungsbelege,30.17 EUR,,
,461000,Werbekosten,30.11.2024,293,19,"SE Ranking Content Mark 05.24-04,25 BC",#,Nicht zugeordnet,Manuelle Buchung für Erfassungsbelege,30.17 EUR,,
,461000,Werbekosten,30.11.2024,293,20,Keywordpauschale 15.04.2024-14.04.2025,#,Nicht zugeordnet,Manuelle Buchung für Erfassungsbelege,59.90 EUR,,
,461000,Werbekosten,30.11.2024,293,24,LinkedIn Sales Navigator LH,#,Nicht zugeordnet,Manuelle Buchung für Erfassungsbelege,66.11 EUR,,
,461000,Werbekosten,30.11.2024,293,28,Pressebox Webleads 10/24- 10/25 BC,#,Nicht zugeordnet,Manuelle Buchung für Erfassungsbelege,88.13 EUR,,
,461000,Werbekosten,30.11.2024,293,29,Pressebox Webleads 10/24- 10/25 BSK,#,Nicht zugeordnet,Manuelle Buchung für Erfassungsbelege,88.13 EUR,,
,461000,Werbekosten,30.11.2024,293,30,Pressebox Webleads 10/24- 10/25,#,Nicht zugeordnet,Manuelle Buchung für Erfassungsbelege,74.92 EUR,,
,461000,Werbekosten,30.11.2024,200000004354,4,Google BSK 11/2024,1010217,Google Ireland Limited,Lieferantenrechnung,"13,593.05 EUR",,
,461000,Werbekosten,30.11.2024,200000004354,5,Google BC 11/2024,1010217,Google Ireland Limited,Lieferantenrechnung,"1,641.71 EUR",,
,461000,Werbekosten,30.11.2024,200000004354,7,Google Marketing 11/2024,1010217,Google Ireland Limited,Lieferantenrechnung,383.68 EUR,,
,461000,Werbekosten,30.11.2024,200000004354,8,Google allgemein 11/2024,1010217,Google Ireland Limited,Lieferantenrechnung,97.22 EUR,,
,461000,Werbekosten,22.11.2024,200000004393,4,Animated Explainers,10001068,Fiverr International Ltd.,Lieferantenrechnung,155.33 EUR,,
,461000,Werbekosten,22.11.2024,200000004393,5,Service Fee,10001068,Fiverr International Ltd.,Lieferantenrechnung,8.55 EUR,,
,461000,Werbekosten,21.11.2024,200000004457,2,"LinkedIn, Sponsored Webseite Besuche",10000892,Linkedin Ireland Unlimited,Lieferantenrechnung,129.32 EUR,,
,461000,Werbekosten,21.11.2024,200000004458,2,"LinkedIn, Sponsored Webseite Besuche",10000892,Linkedin Ireland Unlimited,Storno Lieferantenrechnung,,129.32 EUR,
,461000,Werbekosten,21.11.2024,200000004459,2,"LinkedIn, Sponsored Webseite Besuche",10000892,Linkedin Ireland Unlimited,Lieferantenrechnung,124.86 EUR,,
,461000,Werbekosten,20.11.2024,200000004080,3,Visitenkarten,1010093,WIRmachenDRUCK GmbH,Lieferantenrechnung,19.54 EUR,,
,461000,Werbekosten,18.11.2024,200000004461,2,"LinkedIn, Sponsored Webseite Besuche",10000892,Linkedin Ireland Unlimited,Lieferantenrechnung,141.57 EUR,,
,461000,Werbekosten,14.11.2024,200000004460,2,"LinkedIn, Sponsored Webseite Besuche",10000892,Linkedin Ireland Unlimited,Lieferantenrechnung,125.96 EUR,,
,461000,Werbekosten,12.11.2024,200000004065,4,Microsoft/Google BK,1010211,Microsoft Ireland Operations Ltd.,Lieferantenrechnung,325.00 EUR,,
,461000,Werbekosten,12.11.2024,200000004065,5,Microsoft/Google BC,1010211,Microsoft Ireland Operations Ltd.,Lieferantenrechnung,325.00 EUR,,
,461000,Werbekosten,11.11.2024,200000004034,3,Faltblatt,1010093,WIRmachenDRUCK GmbH,Lieferantenrechnung,57.23 EUR,,
,461000,Werbekosten,08.11.2024,200000004032,3,Hartschaumplatte,1010093,WIRmachenDRUCK GmbH,Lieferantenrechnung,105.15 EUR,,
,461000,Werbekosten,08.11.2024,200000004033,3,Hartschaumplatte,1010093,WIRmachenDRUCK GmbH,Lieferantenrechnung,106.14 EUR,,
,461000,Werbekosten,05.11.2024,200000003965,3,"Essential Tarif ESS500 , 05.11.-04.12.24",10001454,CleverReach GmbH & Co. KG,Lieferantenrechnung,60.00 EUR,,
,461000,Werbekosten,31.10.2024,275,10,Pressebox Webleads 7/24-6/25 BC,#,Nicht zugeordnet,Manuelle Buchung für Erfassungsbelege,134.50 EUR,,
,461000,Werbekosten,31.10.2024,275,19,"SE Ranking Content Mark 05.24-04,25 BK",#,Nicht zugeordnet,Manuelle Buchung für Erfassungsbelege,30.17 EUR,,
,461000,Werbekosten,31.10.2024,275,20,"SE Ranking Content Mark 05.24-04,25 BC",#,Nicht zugeordnet,Manuelle Buchung für Erfassungsbelege,30.17 EUR,,
,461000,Werbekosten,31.10.2024,275,22,Keywordpauschale 15.04.2024-14.04.2025,#,Nicht zugeordnet,Manuelle Buchung für Erfassungsbelege,59.90 EUR,,
,461000,Werbekosten,31.10.2024,275,26,LinkedIn Sales Navigator LH,#,Nicht zugeordnet,Manuelle Buchung für Erfassungsbelege,132.22 EUR,,
,461000,Werbekosten,31.10.2024,200000003987,4,Google BSK 10/2024,1010217,Google Ireland Limited,Lieferantenrechnung,"13,757.65 EUR",,
,461000,Werbekosten,31.10.2024,200000003987,5,Google BC 10/2024,1010217,Google Ireland Limited,Lieferantenrechnung,"1,669.87 EUR",,
,461000,Werbekosten,31.10.2024,200000003987,7,Google Marketing 10/2024,1010217,Google Ireland Limited,Lieferantenrechnung,356.55 EUR,,
,461000,Werbekosten,31.10.2024,200000003987,8,Google allgemein 10/2024,1010217,Google Ireland Limited,Lieferantenrechnung,117.11 EUR,,
,461000,Werbekosten,30.10.2024,200000003925,3,Visitenkarten,1010093,WIRmachenDRUCK GmbH,Lieferantenrechnung,18.55 EUR,,
,461000,Werbekosten,29.10.2024,200000003926,3,Visitenkarten,1010093,WIRmachenDRUCK GmbH,Lieferantenrechnung,241.53 EUR,,
,461000,Werbekosten,29.10.2024,200000003940,3,Digitaldruck Folie Orafol m. Montage,1010075,ReklameWerkstatt,Lieferantenrechnung,758.03 EUR,,
,461000,Werbekosten,23.10.2024,200000003910,3,Digitaldruck Folie Orafol m. Montage,1010075,ReklameWerkstatt,Lieferantenrechnung,382.45 EUR,,
,461000,Werbekosten,15.10.2024,200000003970,2,"LinkedIn, Webseite Conversation",10000892,Linkedin Ireland Unlimited,Lieferantenrechnung,87.61 EUR,,
,461000,Werbekosten,14.10.2024,200000003655,4,Microsoft/Google BK,1010211,Microsoft Ireland Operations Ltd.,Lieferantenrechnung,325.00 EUR,,
,461000,Werbekosten,14.10.2024,200000003655,5,Microsoft/Google BC,1010211,Microsoft Ireland Operations Ltd.,Lieferantenrechnung,325.00 EUR,,
,461000,Werbekosten,09.10.2024,200000003969,2,"LinkedIn, Webseite Conversation",10000892,Linkedin Ireland Unlimited,Lieferantenrechnung,109.51 EUR,,
,461000,Werbekosten,05.10.2024,200000003612,3,"Essential Tarif ESS500 , 05.10.-04.11.24",10001454,CleverReach GmbH & Co. KG,Lieferantenrechnung,60.00 EUR,,
,461000,Werbekosten,05.10.2024,200000003968,2,"LinkedIn, Webseite Conversation",10000892,Linkedin Ireland Unlimited,Lieferantenrechnung,117.73 EUR,,
,461000,Werbekosten,03.10.2024,200000003967,2,"LinkedIn, Webseite Conversation",10000892,Linkedin Ireland Unlimited,Lieferantenrechnung,121.91 EUR,,
,461000,Werbekosten,01.10.2024,200000003614,2,"LinkedIn, Webseite Conversation",10000892,Linkedin Ireland Unlimited,Lieferantenrechnung,31.44 EUR,,
,461000,Werbekosten,30.09.2024,263,2,UB claneo Sachkonto,#,Nicht zugeordnet,Manuelle Buchung für Erfassungsbelege,"3,000.00 EUR",,
,461000,Werbekosten,30.09.2024,200000003603,2,"LinkedIn, Webseite Conversation",10000892,Linkedin Ireland Unlimited,Lieferantenrechnung,109.26 EUR,,
,461000,Werbekosten,30.09.2024,200000003604,4,Google BSK 09/2024,1010217,Google Ireland Limited,Lieferantenrechnung,"11,797.73 EUR",,
,461000,Werbekosten,30.09.2024,200000003604,5,Google BC 09/2024,1010217,Google Ireland Limited,Lieferantenrechnung,"1,362.80 EUR",,
,461000,Werbekosten,30.09.2024,200000003604,7,Google Marketing 09/2024,1010217,Google Ireland Limited,Lieferantenrechnung,368.09 EUR,,
,461000,Werbekosten,30.09.2024,200000003604,8,Google allgemein 09/2024,1010217,Google Ireland Limited,Lieferantenrechnung,111.31 EUR,,
,461000,Werbekosten,30.09.2024,200000003653,4,Microsoft/Google BK,1010211,Microsoft Ireland Operations Ltd.,Lieferantenrechnung,250.00 EUR,,
,461000,Werbekosten,30.09.2024,200000003653,5,Microsoft/Google BC,1010211,Microsoft Ireland Operations Ltd.,Lieferantenrechnung,250.00 EUR,,
,461000,Werbekosten,30.09.2024,200000003654,4,Microsoft/Google BK,1010211,Microsoft Ireland Operations Ltd.,Lieferantenrechnung,325.00 EUR,,
,461000,Werbekosten,30.09.2024,200000003654,5,Microsoft/Google BC,1010211,Microsoft Ireland Operations Ltd.,Lieferantenrechnung,325.00 EUR,,
,461000,Werbekosten,30.09.2024,200000003666,4,Microsoft/Google BK,1010211,Microsoft Ireland Operations Ltd.,Lieferantenrechnung,250.00 EUR,,
,461000,Werbekosten,30.09.2024,200000003666,5,Microsoft/Google BC,1010211,Microsoft Ireland Operations Ltd.,Lieferantenrechnung,250.00 EUR,,
,461000,Werbekosten,30.09.2024,200000003667,4,Microsoft/Google BK,1010211,Microsoft Ireland Operations Ltd.,Lieferantenrechnung,423.71 EUR,,
,461000,Werbekosten,30.09.2024,200000003667,5,Microsoft/Google BC,1010211,Microsoft Ireland Operations Ltd.,Lieferantenrechnung,226.95 EUR,,
,461000,Werbekosten,30.09.2024,200000003668,4,Microsoft/Google BK,1010211,Microsoft Ireland Operations Ltd.,Lieferantenrechnung,250.00 EUR,,
,461000,Werbekosten,30.09.2024,200000003668,5,Microsoft/Google BC,1010211,Microsoft Ireland Operations Ltd.,Lieferantenrechnung,250.00 EUR,,
,461000,Werbekosten,30.09.2024,200000003671,4,Microsoft/Google BK,1010211,Microsoft Ireland Operations Ltd.,Storno Lieferantenrechnung,,423.71 EUR,
,461000,Werbekosten,30.09.2024,200000003671,5,Microsoft/Google BC,1010211,Microsoft Ireland Operations Ltd.,Storno Lieferantenrechnung,,226.95 EUR,
,461000,Werbekosten,27.09.2024,200000003602,2,"LinkedIn, Webseite Conversation",10000892,Linkedin Ireland Unlimited,Lieferantenrechnung,123.63 EUR,,
,461000,Werbekosten,25.09.2024,200000003601,2,"LinkedIn, Webseite Conversation",10000892,Linkedin Ireland Unlimited,Lieferantenrechnung,116.03 EUR,,
,461000,Werbekosten,23.09.2024,200000003391,3,Keywordpauschale 15.04.2024-14.04.2025,1010031,AD20 Internet GmbH,Lieferantenrechnung,215.64 EUR,,
,461000,Werbekosten,22.09.2024,200000003600,2,"LinkedIn, Webseite Conversation",10000892,Linkedin Ireland Unlimited,Lieferantenrechnung,111.96 EUR,,
,461000,Werbekosten,18.09.2024,200000003367,4,Marketingkosten,10004243,Le Connecteur,Lieferantenrechnung,382.36 EUR,,
,461000,Werbekosten,18.09.2024,200000003599,2,"LinkedIn, Webseite Conversation",10000892,Linkedin Ireland Unlimited,Lieferantenrechnung,30.78 EUR,,
,461000,Werbekosten,16.09.2024,200000003361,3,Broschüre m. Spiralbindung 148x 210,1010093,WIRmachenDRUCK GmbH,Lieferantenrechnung,58.80 EUR,,
,461000,Werbekosten,12.09.2024,262,1,UB Messekosten kommunale Ordnung,#,Nicht zugeordnet,Manuelle Buchung für Erfassungsbelege,,"3,700.00 EUR",
,461000,Werbekosten,12.09.2024,200000003300,3,Flyer DIN A4,1010093,WIRmachenDRUCK GmbH,Lieferantenrechnung,19.81 EUR,,
,461000,Werbekosten,12.09.2024,200000003300,4,Anteil am Zuschlag allgemein,1010093,WIRmachenDRUCK GmbH,Lieferantenrechnung,0.99 EUR,,
,461000,Werbekosten,12.09.2024,200000003301,3,Visitenkarten,1010093,WIRmachenDRUCK GmbH,Lieferantenrechnung,18.00 EUR,,
,461000,Werbekosten,12.09.2024,200000003302,3,Messeaufbau,1010066,ProPress Verlag,Lieferantenrechnung,"3,700.00 EUR",,
,461000,Werbekosten,06.09.2024,200000003209,3,"Essential Tarif ESS500 , 05.09.-04.10.24",10001454,CleverReach GmbH & Co. KG,Lieferantenrechnung,60.00 EUR,,
,461000,Werbekosten,06.09.2024,200000003217,3,Bedruckung von 2 Poloshirts,10005244,Concept Beschriftungen,Lieferantenrechnung,5.88 EUR,,
,461000,Werbekosten,03.09.2024,200000003131,3,"Postkarten 14,8x10,5cm",1010093,WIRmachenDRUCK GmbH,Lieferantenrechnung,44.11 EUR,,
,461000,Werbekosten,03.09.2024,200000003131,4,Anteil am Zuschlag allgemein,1010093,WIRmachenDRUCK GmbH,Lieferantenrechnung,0.99 EUR,,
,461000,Werbekosten,03.09.2024,200000003132,3,Faltblatt DIN A7,1010093,WIRmachenDRUCK GmbH,Lieferantenrechnung,50.77 EUR,,
,461000,Werbekosten,02.09.2024,200000003439,3,"Domain ""baustellenzeitraffer""",10005345,Karsten Görig DomainConsulting,Lieferantenrechnung,490.00 EUR,,
,461000,Werbekosten,31.08.2024,220,11,Pressebox Webleads 7/24-6/25 BC,#,Nicht zugeordnet,Manuelle Buchung für Erfassungsbelege,134.50 EUR,,
,461000,Werbekosten,31.08.2024,220,12,LinkedIn Sales Navigator LH 01/24-08/24,#,Nicht zugeordnet,Manuelle Buchung für Erfassungsbelege,66.10 EUR,,
,461000,Werbekosten,31.08.2024,220,13,LinkedIn Sales Navigator FF 01/24-08/24,#,Nicht zugeordnet,Manuelle Buchung für Erfassungsbelege,66.10 EUR,,
,461000,Werbekosten,31.08.2024,220,22,"SE Ranking Content Mark 05.24-04,25 BK",#,Nicht zugeordnet,Manuelle Buchung für Erfassungsbelege,30.17 EUR,,
,461000,Werbekosten,31.08.2024,220,23,"SE Ranking Content Mark 05.24-04,25 BC",#,Nicht zugeordnet,Manuelle Buchung für Erfassungsbelege,30.17 EUR,,
,461000,Werbekosten,31.08.2024,246,10,Pressebox Webleads 7/24-6/25 BC,#,Nicht zugeordnet,Manuelle Buchung für Erfassungsbelege,134.50 EUR,,
,461000,Werbekosten,31.08.2024,246,19,"SE Ranking Content Mark 05.24-04,25 BK",#,Nicht zugeordnet,Manuelle Buchung für Erfassungsbelege,30.17 EUR,,
,461000,Werbekosten,31.08.2024,246,20,"SE Ranking Content Mark 05.24-04,25 BC",#,Nicht zugeordnet,Manuelle Buchung für Erfassungsbelege,30.17 EUR,,
,461000,Werbekosten,31.08.2024,246,23,Keywordpauschale 15.04.2024-14.04.2025,#,Nicht zugeordnet,Manuelle Buchung für Erfassungsbelege,299.50 EUR,,
,461000,Werbekosten,31.08.2024,200000003214,4,Google BSK 08/2024,1010217,Google Ireland Limited,Lieferantenrechnung,"10,383.02 EUR",,
,461000,Werbekosten,31.08.2024,200000003214,5,Google BC 08/2024,1010217,Google Ireland Limited,Lieferantenrechnung,"1,332.53 EUR",,
,461000,Werbekosten,31.08.2024,200000003214,7,Google Marketing 08/2024,1010217,Google Ireland Limited,Lieferantenrechnung,55.65 EUR,,
,461000,Werbekosten,31.08.2024,200000003214,8,Google allgemein 08/2024,1010217,Google Ireland Limited,Lieferantenrechnung,405.85 EUR,,
,461000,Werbekosten,14.08.2024,200000002932,3,PresseBox Ticketpaket 1.07.24-30.06.25,1010405,United News Network GmbH,Storno Lieferantenrechnung,,"1,614.00 EUR",
,461000,Werbekosten,05.08.2024,200000002858,3,"Essential Tarif ESS500 , 05.08.-04.09.24",10001454,CleverReach GmbH & Co. KG,Lieferantenrechnung,60.00 EUR,,
,461000,Werbekosten,31.07.2024,200,14,Pressebox Webleads 7/24-6/25 BC,#,Nicht zugeordnet,Manuelle Buchung für Erfassungsbelege,134.50 EUR,,
,461000,Werbekosten,31.07.2024,200,15,LinkedIn Sales Navigator LH 01/24-08/24,#,Nicht zugeordnet,Manuelle Buchung für Erfassungsbelege,66.10 EUR,,
,461000,Werbekosten,31.07.2024,200,16,LinkedIn Sales Navigator FF 01/24-08/24,#,Nicht zugeordnet,Manuelle Buchung für Erfassungsbelege,66.10 EUR,,
,461000,Werbekosten,31.07.2024,200,25,"SE Ranking Content Mark 05.24-04,25 BK",#,Nicht zugeordnet,Manuelle Buchung für Erfassungsbelege,30.17 EUR,,
,461000,Werbekosten,31.07.2024,200,26,"SE Ranking Content Mark 05.24-04,25 BC",#,Nicht zugeordnet,Manuelle Buchung für Erfassungsbelege,30.17 EUR,,
,461000,Werbekosten,31.07.2024,200000002809,2,Übersetzung ital. Website m. Videos,1010093,WIRmachenDRUCK GmbH,Lieferantenrechnung,100.00 EUR,,
,461000,Werbekosten,31.07.2024,200000002812,2,Übersetzung ital. Website m. Videos,1010093,WIRmachenDRUCK GmbH,Storno Lieferantenrechnung,,100.00 EUR,
,461000,Werbekosten,31.07.2024,200000002813,2,Übersetzung ital. Website m. Videos,10005098,Manuela Guiliana Xillovich,Lieferantenrechnung,100.00 EUR,,
,461000,Werbekosten,31.07.2024,200000002831,4,Google BSK 07/2024,1010217,Google Ireland Limited,Lieferantenrechnung,"11,046.79 EUR",,
,461000,Werbekosten,31.07.2024,200000002831,5,Google BC 07/2024,1010217,Google Ireland Limited,Lieferantenrechnung,"1,347.31 EUR",,
,461000,Werbekosten,31.07.2024,200000002831,7,Google Marketing 07/2024,1010217,Google Ireland Limited,Lieferantenrechnung,49.12 EUR,,
,461000,Werbekosten,31.07.2024,200000002831,8,Google allgemein 07/2024,1010217,Google Ireland Limited,Lieferantenrechnung,409.83 EUR,,
,461000,Werbekosten,29.07.2024,211,2,UB Aufwandsart ER8576,#,Nicht zugeordnet,Manuelle Buchung für Erfassungsbelege,"3,900.00 EUR",,
,461000,Werbekosten,05.07.2024,200000002554,3,"Essential Tarif ESS500 , 05.07.-04.08.24",10001454,CleverReach GmbH & Co. KG,Lieferantenrechnung,60.00 EUR,,
,461000,Werbekosten,01.07.2024,200000002631,3,PresseBox Ticketpaket 1.07.24-30.06.25,1010405,United News Network GmbH,Lieferantenrechnung,"1,614.00 EUR",,
,461000,Werbekosten,01.07.2024,200000002811,3,Hartschaumplatte,1010093,WIRmachenDRUCK GmbH,Lieferantenrechnung,105.15 EUR,,
,461000,Werbekosten,01.07.2024,200000002857,3,Digitaldruck Folie Orafol 3551,1010075,ReklameWerkstatt,Lieferantenrechnung,224.96 EUR,,
,461000,Werbekosten,30.06.2024,155,15,Pressebox Webleads 7/23-6/24 BSK,#,Nicht zugeordnet,Manuelle Buchung für Erfassungsbelege,67.25 EUR,,
,461000,Werbekosten,30.06.2024,155,16,Pressebox Webleads 7/23-6/24 BC,#,Nicht zugeordnet,Manuelle Buchung für Erfassungsbelege,67.25 EUR,,
,461000,Werbekosten,30.06.2024,155,17,LinkedIn Sales Navigator LH 01/24-08/24,#,Nicht zugeordnet,Manuelle Buchung für Erfassungsbelege,66.10 EUR,,
,461000,Werbekosten,30.06.2024,155,18,LinkedIn Sales Navigator FF 01/24-08/24,#,Nicht zugeordnet,Manuelle Buchung für Erfassungsbelege,66.10 EUR,,
,461000,Werbekosten,30.06.2024,155,29,"SE Ranking Content Mark 05.24-04,25 BK",#,Nicht zugeordnet,Manuelle Buchung für Erfassungsbelege,30.17 EUR,,
,461000,Werbekosten,30.06.2024,155,30,"SE Ranking Content Mark 05.24-04,25 BC",#,Nicht zugeordnet,Manuelle Buchung für Erfassungsbelege,30.17 EUR,,
,461000,Werbekosten,30.06.2024,200000002585,4,Google BSK 06/2024,1010217,Google Ireland Limited,Lieferantenrechnung,"11,058.87 EUR",,
,461000,Werbekosten,30.06.2024,200000002585,5,Google BC 06/2024,1010217,Google Ireland Limited,Lieferantenrechnung,"1,355.52 EUR",,
,461000,Werbekosten,30.06.2024,200000002585,7,Google Marketing 06/2024,1010217,Google Ireland Limited,Lieferantenrechnung,45.23 EUR,,
,461000,Werbekosten,30.06.2024,200000002585,8,Google NC 06/2024,1010217,Google Ireland Limited,Lieferantenrechnung,257.08 EUR,,
,461000,Werbekosten,30.06.2024,200000002647,4,Industrial Design,10001068,Fiverr International Ltd.,Lieferantenrechnung,242.58 EUR,,
,461000,Werbekosten,30.06.2024,200000002647,5,Service Fee,10001068,Fiverr International Ltd.,Lieferantenrechnung,13.34 EUR,,
,461000,Werbekosten,30.06.2024,200000002648,4,Google BSK 06/2024,1010217,Google Ireland Limited,Storno Lieferantenrechnung,,"11,058.87 EUR",
,461000,Werbekosten,30.06.2024,200000002648,5,Google BC 06/2024,1010217,Google Ireland Limited,Storno Lieferantenrechnung,,"1,355.52 EUR",
,461000,Werbekosten,30.06.2024,200000002648,7,Google Marketing 06/2024,1010217,Google Ireland Limited,Storno Lieferantenrechnung,,45.23 EUR,
,461000,Werbekosten,30.06.2024,200000002648,8,Google NC 06/2024,1010217,Google Ireland Limited,Storno Lieferantenrechnung,,257.08 EUR,
,461000,Werbekosten,30.06.2024,200000002649,4,Google BSK 06/2024,1010217,Google Ireland Limited,Lieferantenrechnung,"11,058.87 EUR",,
,461000,Werbekosten,30.06.2024,200000002649,5,Google BC 06/2024,1010217,Google Ireland Limited,Lieferantenrechnung,"1,355.52 EUR",,
,461000,Werbekosten,30.06.2024,200000002649,7,Google Marketing 06/2024,1010217,Google Ireland Limited,Lieferantenrechnung,45.23 EUR,,
,461000,Werbekosten,30.06.2024,200000002649,8,Google allgemein 06/2024,1010217,Google Ireland Limited,Lieferantenrechnung,257.08 EUR,,
,461000,Werbekosten,26.06.2024,200000002503,4,Industrial Design,10001068,Fiverr International Ltd.,Lieferantenrechnung,40.00 EUR,,
,461000,Werbekosten,26.06.2024,200000002503,5,Service Fee,10001068,Fiverr International Ltd.,Lieferantenrechnung,5.09 EUR,,
,461000,Werbekosten,06.06.2024,200000002096,3,"Essential Tarif ESS500 , 05.06.-04.07.24",10001454,CleverReach GmbH & Co. KG,Lieferantenrechnung,60.00 EUR,,
,461000,Werbekosten,01.06.2024,200000002175,3,Broschüre m. Metall-Spiralbindung,1010093,WIRmachenDRUCK GmbH,Lieferantenrechnung,65.83 EUR,,
,461000,Werbekosten,01.06.2024,200000002176,3,"Mappe 2-tlg. m. 2 Laschen , 1x 75 st.",1010093,WIRmachenDRUCK GmbH,Lieferantenrechnung,42.14 EUR,,
,461000,Werbekosten,01.06.2024,200000002177,3,Lanyards klassisch einseitig bedruckt,1010093,WIRmachenDRUCK GmbH,Lieferantenrechnung,169.49 EUR,,
,461000,Werbekosten,01.06.2024,200000002178,3,"Flyer DIN A4  bedruckt , 1x75",1010093,WIRmachenDRUCK GmbH,Lieferantenrechnung,30.76 EUR,,
,461000,Werbekosten,01.06.2024,200000002179,3,"Flyer DIN A4 bedruckt,  1x200",1010093,WIRmachenDRUCK GmbH,Lieferantenrechnung,42.66 EUR,,
,461000,Werbekosten,01.06.2024,200000002180,3,"Faltblatt gefalzt  8-seit.  , 1x150",1010093,WIRmachenDRUCK GmbH,Lieferantenrechnung,56.87 EUR,,
,461000,Werbekosten,01.06.2024,200000002181,3,"L-Banner 85x 200cm,  1x 2St.",1010093,WIRmachenDRUCK GmbH,Lieferantenrechnung,125.79 EUR,,
,461000,Werbekosten,01.06.2024,200000002201,3,"Klatschpappen  45x32cm,, 1x25",1010093,WIRmachenDRUCK GmbH,Lieferantenrechnung,24.30 EUR,,
,461000,Werbekosten,31.05.2024,138,1,Korr. Kontierung Pos. Google Ads,#,Nicht zugeordnet,Manuelle Buchung für Erfassungsbelege,,332.35 EUR,
,461000,Werbekosten,31.05.2024,138,2,Korr. Kontierung Pos. Google Ads,#,Nicht zugeordnet,Manuelle Buchung für Erfassungsbelege,332.35 EUR,,
,461000,Werbekosten,31.05.2024,139,15,Pressebox Webleads 7/23-6/24 BSK,#,Nicht zugeordnet,Manuelle Buchung für Erfassungsbelege,67.25 EUR,,
,461000,Werbekosten,31.05.2024,139,16,Pressebox Webleads 7/23-6/24 BC,#,Nicht zugeordnet,Manuelle Buchung für Erfassungsbelege,67.25 EUR,,
,461000,Werbekosten,31.05.2024,139,17,LinkedIn Sales Navigator LH 01/24-08/24,#,Nicht zugeordnet,Manuelle Buchung für Erfassungsbelege,66.10 EUR,,
,461000,Werbekosten,31.05.2024,139,18,LinkedIn Sales Navigator FF 01/24-08/24,#,Nicht zugeordnet,Manuelle Buchung für Erfassungsbelege,66.10 EUR,,
,461000,Werbekosten,31.05.2024,139,29,"SE Ranking Content Mark 05.24-04,25 BK",#,Nicht zugeordnet,Manuelle Buchung für Erfassungsbelege,30.17 EUR,,
,461000,Werbekosten,31.05.2024,139,30,"SE Ranking Content Mark 05.24-04,25 BC",#,Nicht zugeordnet,Manuelle Buchung für Erfassungsbelege,30.17 EUR,,
,461000,Werbekosten,31.05.2024,200000002042,4,Google BSK 05/2024,1010217,Google Ireland Limited,Lieferantenrechnung,"11,481.65 EUR",,
,461000,Werbekosten,31.05.2024,200000002042,5,Google BC 05/2024,1010217,Google Ireland Limited,Lieferantenrechnung,"1,348.27 EUR",,
,461000,Werbekosten,31.05.2024,200000002042,7,Google Marketing 05/2024,1010217,Google Ireland Limited,Lieferantenrechnung,53.37 EUR,,
,461000,Werbekosten,31.05.2024,200000002042,8,Google NC 05/2024,1010217,Google Ireland Limited,Lieferantenrechnung,332.35 EUR,,
,461000,Werbekosten,31.05.2024,200000002081,3,Digitaldruck Folie Orafol 3551,1010093,WIRmachenDRUCK GmbH,Lieferantenrechnung,52.95 EUR,,
,461000,Werbekosten,31.05.2024,200000002152,3,Digitaldruck Folie Orafol 3551,1010093,WIRmachenDRUCK GmbH,Storno Lieferantenrechnung,,52.95 EUR,
,461000,Werbekosten,31.05.2024,200000002153,3,Digitaldruck Folie Orafol 3551,1010075,ReklameWerkstatt,Lieferantenrechnung,52.95 EUR,,
,461000,Werbekosten,14.05.2024,200000001926,3,"Eintrag ""Sicherheit A-Z"" 1-4/2024",1010123,Deutsche Sicherheits-Akademie GmbH,Lieferantenrechnung,54.00 EUR,,
,461000,Werbekosten,05.05.2024,200000001796,3,"Essential Tarif ESS500 , 05.05.-04.06.24",10001454,CleverReach GmbH & Co. KG,Lieferantenrechnung,60.00 EUR,,
,461000,Werbekosten,30.04.2024,110,16,Pressebox Webleads 7/23-6/24 BSK,#,Nicht zugeordnet,Manuelle Buchung für Erfassungsbelege,67.25 EUR,,
,461000,Werbekosten,30.04.2024,110,17,Pressebox Webleads 7/23-6/24 BC,#,Nicht zugeordnet,Manuelle Buchung für Erfassungsbelege,67.25 EUR,,
,461000,Werbekosten,30.04.2024,110,18,LinkedIn Sales Navigator LH 01/24-08/24,#,Nicht zugeordnet,Manuelle Buchung für Erfassungsbelege,66.10 EUR,,
,461000,Werbekosten,30.04.2024,110,19,LinkedIn Sales Navigator FF 01/24-08/24,#,Nicht zugeordnet,Manuelle Buchung für Erfassungsbelege,66.10 EUR,,
,461000,Werbekosten,30.04.2024,200000001677,4,Google BSK 04/2024,1010217,Google Ireland Limited,Lieferantenrechnung,"10,859.47 EUR",,
,461000,Werbekosten,30.04.2024,200000001677,5,Google BC 04/2024,1010217,Google Ireland Limited,Lieferantenrechnung,"1,321.74 EUR",,
,461000,Werbekosten,30.04.2024,200000001677,7,Google Marketing 04/2024,1010217,Google Ireland Limited,Lieferantenrechnung,51.18 EUR,,
,461000,Werbekosten,30.04.2024,200000001677,8,Google NC,1010217,Google Ireland Limited,Lieferantenrechnung,380.48 EUR,,
,461000,Werbekosten,24.04.2024,200000001406,3,Miete CRM-System 05/2024,1010171,cloud4you AG,Lieferantenrechnung,602.12 EUR,,
,461000,Werbekosten,22.04.2024,200000001472,4,Marketingkosten,10004243,Le Connecteur,Lieferantenrechnung,900.00 EUR,,
,461000,Werbekosten,18.04.2024,200000001385,3,"Faltblatt 289x 105 , 1x200 Stück",1010093,WIRmachenDRUCK GmbH,Lieferantenrechnung,40.73 EUR,,
,461000,Werbekosten,18.04.2024,200000001385,4,Anteil am Zuschlag allgemein,1010093,WIRmachenDRUCK GmbH,Lieferantenrechnung,0.99 EUR,,
,461000,Werbekosten,17.04.2024,200000001386,3,"Broschüre m.Drahtheftung, 1x 30Stück",1010093,WIRmachenDRUCK GmbH,Lieferantenrechnung,118.83 EUR,,
,461000,Werbekosten,17.04.2024,200000001386,4,Anteil am Zuschlag allgemein,1010093,WIRmachenDRUCK GmbH,Lieferantenrechnung,0.99 EUR,,
,461000,Werbekosten,15.04.2024,200000001321,4,Microsoft/Google BK,1010211,Microsoft Ireland Operations Ltd.,Lieferantenrechnung,329.96 EUR,,
,461000,Werbekosten,15.04.2024,200000001321,5,Microsoft/Google BC,1010211,Microsoft Ireland Operations Ltd.,Lieferantenrechnung,175.56 EUR,,
,461000,Werbekosten,15.04.2024,200000001322,4,Microsoft/Google BK,1010211,Microsoft Ireland Operations Ltd.,Lieferantenrechnung,371.34 EUR,,
,461000,Werbekosten,15.04.2024,200000001322,5,Microsoft/Google BC,1010211,Microsoft Ireland Operations Ltd.,Lieferantenrechnung,166.25 EUR,,
,461000,Werbekosten,15.04.2024,200000001323,4,Microsoft/Google BK,1010211,Microsoft Ireland Operations Ltd.,Lieferantenrechnung,339.93 EUR,,
,461000,Werbekosten,15.04.2024,200000001323,5,Microsoft/Google BC,1010211,Microsoft Ireland Operations Ltd.,Lieferantenrechnung,193.05 EUR,,
,461000,Werbekosten,15.04.2024,200000001324,4,Microsoft/Google BK,1010211,Microsoft Ireland Operations Ltd.,Lieferantenrechnung,586.62 EUR,,
,461000,Werbekosten,15.04.2024,200000001324,5,Microsoft/Google BC,1010211,Microsoft Ireland Operations Ltd.,Lieferantenrechnung,174.42 EUR,,
,461000,Werbekosten,05.04.2024,200000001265,3,"Essential Tarif ESS500 , 05.04.-04.05.24",10001454,CleverReach GmbH & Co. KG,Lieferantenrechnung,60.00 EUR,,
,461000,Werbekosten,31.03.2024,82,18,AD20 Keyword 15.04.23-15.04.24,#,Nicht zugeordnet,Manuelle Buchung für Erfassungsbelege,149.75 EUR,,
,461000,Werbekosten,31.03.2024,82,20,Pressebox Webleads 7/23-6/24 BSK,#,Nicht zugeordnet,Manuelle Buchung für Erfassungsbelege,67.25 EUR,,
,461000,Werbekosten,31.03.2024,82,21,Pressebox Webleads 7/23-6/24 BC,#,Nicht zugeordnet,Manuelle Buchung für Erfassungsbelege,67.25 EUR,,
,461000,Werbekosten,31.03.2024,82,22,LinkedIn Sales Navigator LH 01/24-08/24,#,Nicht zugeordnet,Manuelle Buchung für Erfassungsbelege,66.10 EUR,,
,461000,Werbekosten,31.03.2024,82,23,LinkedIn Sales Navigator FF 01/24-08/24,#,Nicht zugeordnet,Manuelle Buchung für Erfassungsbelege,66.10 EUR,,
,461000,Werbekosten,31.03.2024,200000001242,4,Google BSK 03/2024,1010217,Google Ireland Limited,Lieferantenrechnung,"9,699.64 EUR",,
,461000,Werbekosten,31.03.2024,200000001242,5,Google BC 03/2024,1010217,Google Ireland Limited,Lieferantenrechnung,948.62 EUR,,
,461000,Werbekosten,31.03.2024,200000001242,7,Google Marketing 03/2024,1010217,Google Ireland Limited,Lieferantenrechnung,44.68 EUR,,
,461000,Werbekosten,27.03.2024,200000001141,3,Einrichtepauschale (einmalig pro Auftrag,1010193,Harzdruckerei GmbH,Lieferantenrechnung,18.00 EUR,,
,461000,Werbekosten,27.03.2024,200000001141,4,"Aufkleber montagefertig, Einzelnutzen",1010193,Harzdruckerei GmbH,Lieferantenrechnung,238.00 EUR,,
,461000,Werbekosten,27.03.2024,200000001142,3,Miete CRM-System 04/2024,1010171,cloud4you AG,Lieferantenrechnung,602.12 EUR,,
,461000,Werbekosten,25.03.2024,200000001190,3,"Postkarten A6 Quer 14,8x10,5cm,  100St.",1010093,WIRmachenDRUCK GmbH,Lieferantenrechnung,15.27 EUR,,
,461000,Werbekosten,25.03.2024,200000001190,4,Anteil am Zuschlag allgemein,1010093,WIRmachenDRUCK GmbH,Lieferantenrechnung,0.99 EUR,,
,461000,Werbekosten,22.03.2024,200000001176,3,Kartons 400x400 m. Digitaldruck+Zubehör,10004408,IPS Karton.eu GmbH & Co.KG,Lieferantenrechnung,737.51 EUR,,
,461000,Werbekosten,22.03.2024,200000001189,3,Hartschaumplatte 297x210cm farbig,1010093,WIRmachenDRUCK GmbH,Lieferantenrechnung,112.11 EUR,,
,461000,Werbekosten,21.03.2024,200000001161,3,Weiterber. Domain blankenburgerfv.de,3,Microvista GmbH,Storno Lieferantenrechnung,,22.18 EUR,
,461000,Werbekosten,05.03.2024,200000000856,4,Animated Explainers,10001068,Fiverr International Ltd.,Lieferantenrechnung,4.88 EUR,,
,461000,Werbekosten,05.03.2024,200000000856,5,Service Fee,10001068,Fiverr International Ltd.,Lieferantenrechnung,2.71 EUR,,
,461000,Werbekosten,05.03.2024,200000000867,4,Screencasting Videos,10001068,Fiverr International Ltd.,Lieferantenrechnung,416.68 EUR,,
,461000,Werbekosten,05.03.2024,200000000867,5,Service Fee,10001068,Fiverr International Ltd.,Lieferantenrechnung,22.92 EUR,,
,461000,Werbekosten,05.03.2024,200000000868,4,Animated Explainers,10001068,Fiverr International Ltd.,Lieferantenrechnung,183.35 EUR,,
,461000,Werbekosten,05.03.2024,200000000868,5,Service Fee,10001068,Fiverr International Ltd.,Lieferantenrechnung,10.08 EUR,,
,461000,Werbekosten,05.03.2024,200000000869,4,Animated Explainers,10001068,Fiverr International Ltd.,Lieferantenrechnung,27.44 EUR,,
,461000,Werbekosten,05.03.2024,200000000869,5,Service Fee,10001068,Fiverr International Ltd.,Lieferantenrechnung,3.92 EUR,,
,461000,Werbekosten,05.03.2024,200000000870,4,Screencasting Videos,10001068,Fiverr International Ltd.,Lieferantenrechnung,20.00 EUR,,
,461000,Werbekosten,05.03.2024,200000000870,5,Service Fee,10001068,Fiverr International Ltd.,Lieferantenrechnung,3.50 EUR,,
,461000,Werbekosten,05.03.2024,200000000871,4,Animated Explainers,10001068,Fiverr International Ltd.,Lieferantenrechnung,47.85 EUR,,
,461000,Werbekosten,05.03.2024,200000000871,5,Service Fee,10001068,Fiverr International Ltd.,Lieferantenrechnung,5.02 EUR,,
,461000,Werbekosten,05.03.2024,200000000873,4,Video Editing,10001068,Fiverr International Ltd.,Lieferantenrechnung,24.96 EUR,,
,461000,Werbekosten,05.03.2024,200000000873,5,Service Fee,10001068,Fiverr International Ltd.,Lieferantenrechnung,3.77 EUR,,
,461000,Werbekosten,05.03.2024,200000000874,4,Video Editing,10001068,Fiverr International Ltd.,Lieferantenrechnung,4.79 EUR,,
,461000,Werbekosten,05.03.2024,200000000874,5,Service Fee,10001068,Fiverr International Ltd.,Lieferantenrechnung,2.66 EUR,,
,461000,Werbekosten,05.03.2024,200000000883,4,Animated Explainers,10001068,Fiverr International Ltd.,Storno Lieferantenrechnung,,4.88 EUR,
,461000,Werbekosten,05.03.2024,200000000883,5,Service Fee,10001068,Fiverr International Ltd.,Storno Lieferantenrechnung,,2.71 EUR,
,461000,Werbekosten,05.03.2024,200000000887,4,Screencasting Videos,10001068,Fiverr International Ltd.,Storno Lieferantenrechnung,,416.68 EUR,
,461000,Werbekosten,05.03.2024,200000000887,5,Service Fee,10001068,Fiverr International Ltd.,Storno Lieferantenrechnung,,22.92 EUR,
,461000,Werbekosten,05.03.2024,200000000889,4,Animated Explainers,10001068,Fiverr International Ltd.,Storno Lieferantenrechnung,,183.35 EUR,
,461000,Werbekosten,05.03.2024,200000000889,5,Service Fee,10001068,Fiverr International Ltd.,Storno Lieferantenrechnung,,10.08 EUR,
,461000,Werbekosten,05.03.2024,200000000891,4,Animated Explainers,10001068,Fiverr International Ltd.,Storno Lieferantenrechnung,,27.44 EUR,
,461000,Werbekosten,05.03.2024,200000000891,5,Service Fee,10001068,Fiverr International Ltd.,Storno Lieferantenrechnung,,3.92 EUR,
,461000,Werbekosten,05.03.2024,200000000893,4,Screencasting Videos,10001068,Fiverr International Ltd.,Storno Lieferantenrechnung,,20.00 EUR,
,461000,Werbekosten,05.03.2024,200000000893,5,Service Fee,10001068,Fiverr International Ltd.,Storno Lieferantenrechnung,,3.50 EUR,
,461000,Werbekosten,05.03.2024,200000000894,4,Animated Explainers,10001068,Fiverr International Ltd.,Storno Lieferantenrechnung,,47.85 EUR,
,461000,Werbekosten,05.03.2024,200000000894,5,Service Fee,10001068,Fiverr International Ltd.,Storno Lieferantenrechnung,,5.02 EUR,
,461000,Werbekosten,05.03.2024,200000000953,3,"Essential Tarif ESS500 , 05.03.-04.04.24",10001454,CleverReach GmbH & Co. KG,Lieferantenrechnung,60.00 EUR,,
,461000,Werbekosten,29.02.2024,47,18,AD20 Keyword 15.04.23-15.04.24,#,Nicht zugeordnet,Manuelle Buchung für Erfassungsbelege,149.75 EUR,,
,461000,Werbekosten,29.02.2024,47,20,Pressebox Webleads 7/23-6/24 BSK,#,Nicht zugeordnet,Manuelle Buchung für Erfassungsbelege,67.25 EUR,,
,461000,Werbekosten,29.02.2024,47,21,Pressebox Webleads 7/23-6/24 BC,#,Nicht zugeordnet,Manuelle Buchung für Erfassungsbelege,67.25 EUR,,
,461000,Werbekosten,29.02.2024,47,22,LinkedIn Sales Navigator LH 01/24-08/24,#,Nicht zugeordnet,Manuelle Buchung für Erfassungsbelege,66.10 EUR,,
,461000,Werbekosten,29.02.2024,47,23,LinkedIn Sales Navigator FF 01/24-08/24,#,Nicht zugeordnet,Manuelle Buchung für Erfassungsbelege,66.10 EUR,,
,461000,Werbekosten,29.02.2024,200000000864,4,Google BSK 02/2024,1010217,Google Ireland Limited,Lieferantenrechnung,"9,518.75 EUR",,
,461000,Werbekosten,29.02.2024,200000000864,5,Google BC 02/2024,1010217,Google Ireland Limited,Lieferantenrechnung,"1,092.85 EUR",,
,461000,Werbekosten,29.02.2024,200000000864,7,Google Marketing 02/2024,1010217,Google Ireland Limited,Lieferantenrechnung,43.43 EUR,,
,461000,Werbekosten,29.02.2024,200000000951,3,"Essential Tarif ESS500 , 20.01.-19.02.24",10001454,CleverReach GmbH & Co. KG,Lieferantenrechnung,35.00 EUR,,
,461000,Werbekosten,29.02.2024,200000000989,3,Weiterber. Domain blankenburgerfv.de,3,Microvista GmbH,Lieferantenrechnung,22.18 EUR,,
,461000,Werbekosten,28.02.2024,200000000981,3,"Broschüre m.Bindung 1x30 , 148x 210mm",1010093,WIRmachenDRUCK GmbH,Lieferantenrechnung,64.84 EUR,,
,461000,Werbekosten,28.02.2024,200000000987,3,"Visitenkarten quer 90x50, 1x100",1010093,WIRmachenDRUCK GmbH,Lieferantenrechnung,11.53 EUR,,
,461000,Werbekosten,27.02.2024,200000000982,3,Hartschaumplatte 40x30cm farbig 1x30,1010093,WIRmachenDRUCK GmbH,Lieferantenrechnung,113.16 EUR,,
,461000,Werbekosten,27.02.2024,200000000983,3,Hartschaumplatte 40x30cm farbig 1x30,1010093,WIRmachenDRUCK GmbH,Lieferantenrechnung,113.16 EUR,,
,461000,Werbekosten,27.02.2024,200000000984,3,"Faltblatt 420x297 4-seitig, 1x200 St.",1010093,WIRmachenDRUCK GmbH,Lieferantenrechnung,102.06 EUR,,
,461000,Werbekosten,26.02.2024,200000000980,3,Faltblatt 289x105mm (200Stück),1010093,WIRmachenDRUCK GmbH,Lieferantenrechnung,40.73 EUR,,
,461000,Werbekosten,23.02.2024,200000000786,3,Miete CRM-System 03/2024,1010171,cloud4you AG,Lieferantenrechnung,307.75 EUR,,
,461000,Werbekosten,08.02.2024,200000000710,4,Schaltung  Anzeige in NL 190x277,10003806,work4media,Lieferantenrechnung,795.00 EUR,,
,461000,Werbekosten,05.02.2024,200000000952,3,"Essential Tarif ESS500 , 05.02.-04.03.24",10001454,CleverReach GmbH & Co. KG,Lieferantenrechnung,43.20 EUR,,
,461000,Werbekosten,01.02.2024,200000000714,3,Messestand BBOM 09.03.2024,1010189,Stadt Blankenburg (Harz) Der Bürgermeist,Lieferantenrechnung,42.02 EUR,,
,461000,Werbekosten,31.01.2024,11,18,AD20 Keyword 15.04.23-15.04.24,#,Nicht zugeordnet,Manuelle Buchung für Erfassungsbelege,149.75 EUR,,
,461000,Werbekosten,31.01.2024,11,20,Pressebox Webleads 7/23-6/24 BSK,#,Nicht zugeordnet,Manuelle Buchung für Erfassungsbelege,67.25 EUR,,
,461000,Werbekosten,31.01.2024,11,21,Pressebox Webleads 7/23-6/24 BC,#,Nicht zugeordnet,Manuelle Buchung für Erfassungsbelege,67.25 EUR,,
,461000,Werbekosten,31.01.2024,11,28,LinkedIn Sales Navigator LH 01/24-08/24,#,Nicht zugeordnet,Manuelle Buchung für Erfassungsbelege,66.15 EUR,,
,461000,Werbekosten,31.01.2024,11,29,LinkedIn Sales Navigator FF 01/24-08/24,#,Nicht zugeordnet,Manuelle Buchung für Erfassungsbelege,66.18 EUR,,
,461000,Werbekosten,31.01.2024,13,1,Abgrenzung / UB Re. eisma 01/2024,#,Nicht zugeordnet,Manuelle Buchung für Erfassungsbelege,"1,024.85 EUR",,
,461000,Werbekosten,31.01.2024,200000000614,4,Google BSK 01/2024,1010217,Google Ireland Limited,Lieferantenrechnung,"8,980.84 EUR",,
,461000,Werbekosten,31.01.2024,200000000614,5,Google BC 01/2024,1010217,Google Ireland Limited,Lieferantenrechnung,"1,265.59 EUR",,
,461000,Werbekosten,31.01.2024,200000000614,7,Google Marketing 01/2024,1010217,Google Ireland Limited,Lieferantenrechnung,59.63 EUR,,
,461000,Werbekosten,26.01.2024,200000000516,3,Miete CRM-System 02/2024,1010171,cloud4you AG,Lieferantenrechnung,271.25 EUR,,
,461000,Werbekosten,22.01.2024,200000000131,3,Faltblatt 289x105mm (200Stück),1010093,WIRmachenDRUCK GmbH,Lieferantenrechnung,40.73 EUR,,
,461000,Werbekosten,02.01.2024,200000000043,3,Miete CRM-System 01/2024,1010171,cloud4you AG,Lieferantenrechnung,271.25 EUR,,
,Ergebnis,,,,,,,,,"220,844.76 EUR","20,965.46 EUR",
